{"cameraMode":{"drawMode":0,"name":"Shaded","section":"Shading Mode"},"sceneLighting":false,"audioPlay":false,"sceneViewState":{"showFog":true,"showMaterialUpdate":false,"showSkybox":false,"showFlares":true,"showImageEffects":true,"showParticleSystems":true},"in2DMode":false,"pivot":{"x":0.0,"y":0.9589353799819946,"z":-2.9200000762939455},"rotation":{"x":-0.1526547223329544,"y":0.6450117230415344,"z":-0.1336493343114853,"w":-0.7367603182792664},"size":0.30694034695625307,"orthographic":false}